{"train_loss":0.013128926258276004,"train_samples_per_second":149.713,"train_steps_per_second":9.357,"_wandb":{"runtime":10},"_runtime":10.369898896,"train/global_step":101,"_timestamp":1.72737105328879e+09,"_step":0,"train_runtime":10.6871,"train/epoch":0.09119124202923086,"total_flos":1.514113385627648e+16}