{"train/train_speed(iter/s)":0.428095,"train/grad_norm":2.164525270462036,"eval/samples_per_second":22.631,"train/learning_rate":1e-08,"_runtime":246.874350178,"train/global_step":100,"_wandb":{"runtime":246},"train_steps_per_second":0.405,"_timestamp":1.7272890729688125e+09,"total_flos":1.4974369973403648e+16,"eval/runtime":7.8652,"train_runtime":247.209,"train/memory(GiB)":23.63,"train_samples_per_second":6.472,"train/loss":1.33611755,"train/epoch":0.09028835844478303,"eval/steps_per_second":22.631,"_step":12,"eval/loss":1.3245443105697632,"eval/acc":0.7008681925808997,"train/acc":0.69712706,"train_loss":1.558821439743042}