{"train/grad_norm":3.7841744422912598,"train/learning_rate":0,"_step":0,"train/loss":2.69973183,"train/acc":0.47710815,"train/train_speed(iter/s)":0.213847,"train/memory(GiB)":19.7,"train/global_step":1,"train/epoch":0.0009028835844478302,"_runtime":2.966159991,"_wandb":{"runtime":6},"_timestamp":1.7272138039700935e+09}