{"train_runtime":248.4374,"train/global_step":100,"_timestamp":1.7273546395275075e+09,"train/loss":1.33611755,"train/learning_rate":1e-08,"eval/samples_per_second":22.587,"train_samples_per_second":6.44,"eval/acc":0.7008681925808997,"train/acc":0.69712706,"train_loss":1.558821439743042,"_wandb":{"runtime":248},"train/epoch":0.09028835844478303,"train/memory(GiB)":23.63,"eval/loss":1.3245443105697632,"train_steps_per_second":0.403,"train/train_speed(iter/s)":0.425864,"total_flos":1.4974369973403648e+16,"_runtime":248.120370782,"train/grad_norm":2.164525270462036,"eval/runtime":7.8805,"_step":12,"eval/steps_per_second":22.587}