{"train/global_step":200,"_timestamp":1.727371384210501e+09,"_step":11,"train_steps_per_second":0.794,"eval/acc":0.6992896606156275,"train_loss":0.6743112421035766,"eval/samples_per_second":22.603,"train_samples_per_second":12.704,"eval/runtime":7.875,"train/epoch":0.18057671688956606,"train/loss":1.22987728,"_wandb":{"runtime":251},"train/train_speed(iter/s)":0.838949,"train/acc":0.69837499,"total_flos":3.025624935432192e+16,"eval/loss":1.3008298873901367,"_runtime":251.571122702,"train/learning_rate":1e-08,"train/memory(GiB)":26.34,"train_runtime":251.8933,"train/grad_norm":3.5231916904449463,"eval/steps_per_second":22.603}