{"train/learning_rate":2.8835444454396776e-05,"train/acc":0.67354064,"train/epoch":0.11737486597821793,"_wandb":{"runtime":338},"eval/acc":0.7032359905288083,"eval/loss":1.2977592945098877,"eval/samples_per_second":22.554,"eval/runtime":7.8923,"_timestamp":1.7274886288587325e+09,"eval/steps_per_second":22.554,"train/grad_norm":2.5227556228637695,"train/global_step":130,"train/memory(GiB)":24.65,"_runtime":318.932371056,"train/loss":1.24881344,"train/train_speed(iter/s)":0.405267,"_step":14}