{"train/acc":0.7959218,"eval/steps_per_second":22.146,"eval/acc":0.7932123125493291,"train/learning_rate":9.84234853786312e-05,"train/epoch":0.10833991648798104,"_step":13,"train/global_step":120,"train/loss":0.75668945,"_runtime":173.312507139,"train/train_speed(iter/s)":0.683524,"eval/runtime":4.0188,"_timestamp":1.7272061486850438e+09,"eval/loss":0.7967022061347961,"_wandb":{"runtime":180},"eval/samples_per_second":44.292,"train/grad_norm":3.5564489364624023,"train/memory(GiB)":16.97}