{"eval/acc":0.7198105761641673,"total_flos":1.669016178267259e+17,"eval/steps_per_second":22.485,"train_loss":1.2682568525126525,"train_samples_per_second":6.339,"_runtime":2795.275777888,"eval/loss":1.162387728691101,"train/memory(GiB)":28.93,"_step":123,"eval/runtime":7.9165,"train_steps_per_second":0.396,"train/learning_rate":2.0499720938035734e-08,"train/train_speed(iter/s)":0.399869,"_timestamp":1.7272115203363097e+09,"train/grad_norm":2.1988401412963867,"eval/samples_per_second":22.485,"train/acc":0.70142059,"train/global_step":1107,"train/epoch":0.9994921279837481,"train/loss":1.28681345,"train_runtime":2795.5663,"_wandb":{"runtime":2795}}